attempt,seed,stable,stop_reason,rho0,n_agents,grid,force_scheme,agent_radius,agent_mass,v0_max,max_vel,step,raw_contact_detections,unique_contact_events,active_contacts,cumulative_raw_contact_detections,cumulative_unique_contact_events,max_rho,mean_rho,rho_safety_margin,max_u,mean_u,velocity_safety_margin,max_agent_speed_pre_clamp,agent_clamp_activations_step,agent_clamp_checks_step,agent_clamp_activation_frequency_cumulative,mean_agent_speed,max_agent_speed
0,42,True,completed,1.0,2,24x24x24,nearest,1.0,25.0,0.2,1.0,0,0,0,0,0,0,1.0000000000000002,1.0000000000000002,19.0,0.04935622893171509,7.114038622142543e-06,1.050643771068285,0.2774348053272573,0,2,0.0,0.25964853911784513,0.2774348053272573
0,42,True,completed,1.0,2,24x24x24,nearest,1.0,25.0,0.2,1.0,1,0,0,0,0,0,1.0163330692643797,1.0,18.98366693073562,0.04830475845481635,2.8342977305826175e-05,1.0516952415451837,0.37261217354542875,0,2,0.0,0.3554046974542202,0.37261217354542875
0,42,True,completed,1.0,2,24x24x24,nearest,1.0,25.0,0.2,1.0,2,0,0,0,0,0,1.0210010690510414,1.0000000000000002,18.978998930948958,0.06785688993606653,6.140547474391028e-05,1.0321431100639336,0.4640398875643075,0,2,0.0,0.4475343706943317,0.4640398875643075
